SA2_CODE_2021,P_Tot_55_64,P_Tot_65_74,P_Tot_75_84,P_Tot_85ov,P_Tot_Tot
101021007,580,438,245,47,2489
101021008,661,351,151,37,3943
101021009,748,491,215,117,6075
101021010,395,222,107,22,2859
101021012,1169,500,151,32,6633
101021610,208,99,19,4,3237
101021611,1915,1237,428,54,9240
101031013,240,188,81,28,1108
101031014,616,416,264,110,3500
101031015,458,298,156,37,1904
101031016,803,515,172,38,4608
101041017,807,864,423,142,4160
101041018,992,1047,560,165,4824
101041019,936,733,368,171,4525
101041020,1391,1063,302,52,5224
101041021,467,422,196,84,2151
101041022,6,15,3,0,32
101041023,324,343,154,65,1590
101041024,498,460,164,22,2029
101041025,1277,1335,663,236,6348
101041026,1169,1101,477,150,4842
101041027,1220,1463,614,250,5616
101051539,1827,1469,769,324,11798
101051540,1566,1187,475,124,7108
101061541,520,436,233,94,3346
101061542,1349,926,383,70,6896
101061543,783,640,322,104,4614
101061544,730,564,257,55,3508
102011028,884,619,238,42,4212
102011029,1302,1213,586,130,6232
102011030,564,394,159,34,2611
102011031,1244,1241,969,625,7912
102011032,1788,1309,624,266,11884
102011033,543,259,94,34,3176
102011034,587,592,463,320,3922
102011035,629,409,146,29,3590
102011036,775,466,189,81,4144
102011037,656,476,330,151,3635
102011038,716,528,354,108,3837
102011039,1545,1269,576,120,8430
102011040,2162,2013,1135,382,12512
102011041,965,796,404,107,5748
102011042,1215,1026,585,221,7109
102011043,811,719,465,256,5742
102021044,1684,1455,762,463,11123
102021045,644,368,199,54,4455
102021046,842,650,376,98,4635
102021047,1335,958,526,203,7908
102021048,1620,1315,801,399,10201
102021049,376,251,83,13,1760
102021050,885,903,670,150,5068
102021051,543,290,107,24,2642
102021052,571,476,212,65,3131
102021053,1406,1362,640,214,8051
102021054,821,724,396,204,4778
102021055,389,249,134,29,2557
102021056,1052,738,527,240,9118
102021057,649,476,262,53,4122
103011059,844,646,336,143,5746
103011060,867,627,228,38,3877
103011061,432,422,192,50,2400
103011612,796,613,400,162,5852
103011613,1196,850,338,101,7098
103021062,437,303,161,65,2589
103021063,674,671,321,120,4023
103021064,566,473,217,41,2779
103021065,779,582,349,111,4509
103021066,317,276,156,56,1631
103021067,751,506,269,107,4666
103021068,308,218,88,36,1464
103021069,415,293,157,64,2393
103031070,1023,865,484,149,5839
103031071,903,739,294,41,4242
103031072,867,628,379,137,6038
103031073,349,320,184,37,1615
103031074,1109,775,335,68,5400
103031075,0,0,0,0,0
103041076,664,497,226,57,3608
103041077,1368,1186,667,298,9224
103041078,1495,1116,511,153,11140
103041079,1190,852,342,82,5998
104011080,1350,1174,650,334,8618
104011081,1957,1475,508,101,8933
104011082,1864,1916,915,262,8878
104021083,761,614,243,68,3486
104021084,1452,1278,660,226,8782
104021085,896,758,606,370,5782
104021086,466,314,99,16,2151
104021087,412,340,148,45,1684
104021088,1077,940,332,48,5682
104021089,1790,1523,754,277,10135
104021090,599,544,223,61,2652
104021091,1250,1230,468,147,7217
105011092,229,130,55,14,1447
105011093,307,180,85,21,1858
105011094,287,168,99,27,1587
105011095,345,203,147,73,1921
105011096,536,404,170,45,2721
105021097,1397,994,457,215,7621
105021098,179,131,49,7,956
105031099,689,677,325,125,3710
105031100,834,497,208,74,5043
105031101,1327,883,509,201,9861
105031102,556,427,268,87,4590
105031103,635,391,152,32,3060
105031104,369,260,137,43,1927
105031105,475,355,222,83,2835
105031106,687,506,299,92,4332
106011107,956,667,239,32,6242
106011108,1570,1207,605,231,10740
106011109,950,729,208,39,4627
106011110,981,725,293,64,4739
106011111,1248,878,330,101,8640
106011112,1136,669,264,84,7760
106011113,504,297,115,16,2619
106021114,498,313,144,87,4039
106021116,825,515,230,60,4552
106021614,1372,971,422,169,8614
106021615,998,752,381,106,7954
106021616,467,312,132,37,3441
106021617,784,696,394,99,4995
106021618,990,532,176,25,7512
106031119,733,700,386,68,3514
106031120,699,643,314,64,3277
106031121,2353,2469,1546,503,11873
106031122,1014,727,337,89,6074
106031123,641,406,123,24,2968
106031124,679,979,649,236,3378
106031125,1258,935,426,58,7234
106041126,767,453,194,60,5313
106041127,338,203,78,27,1892
106041128,414,275,174,81,2740
106041129,718,561,222,86,3797
107011131,1631,1338,790,215,11152
107011132,808,409,188,63,5882
107011133,0,0,0,0,9
107011134,1412,893,437,245,7957
107011545,856,523,237,95,5728
107011546,633,386,170,82,4016
107011547,375,324,189,64,1977
107021135,0,0,0,0,3
107031136,1271,821,289,167,9315
107031137,507,411,181,73,3205
107031138,1040,1034,575,243,5392
107031139,676,641,209,61,3505
107031140,957,940,443,128,4891
107031141,1575,1107,465,175,9769
107031142,898,675,295,116,5166
107031143,1494,1101,599,215,8909
107041144,1811,1342,750,296,11494
107041145,1353,934,420,161,8294
107041146,1726,1304,730,271,12385
107041147,895,528,213,77,5069
107041148,1500,1084,369,109,7170
107041150,1827,1244,670,274,11075
107041548,1398,1113,654,277,10542
107041549,1174,799,350,145,9449
108011151,555,457,199,51,2492
108011152,1392,1616,1005,388,7546
108011153,891,839,319,50,3745
108011154,552,702,451,233,3041
108021155,1195,971,453,178,7173
108021156,1197,930,310,76,4834
108021157,531,413,207,80,2453
108021158,706,723,426,141,3410
108021159,1027,816,285,52,4165
108021160,593,668,322,117,2868
108031161,56,43,25,4,269
108041162,2016,2186,1233,342,9653
108041164,1534,1638,1072,553,10626
108041165,635,586,157,28,2821
108041166,1070,854,428,174,6089
108041619,1292,1053,449,109,6528
108041620,1572,1437,945,422,9026
108051167,558,563,259,87,2596
108051168,1390,1516,665,161,6795
108051169,1619,1377,911,418,9381
108051170,1601,1554,614,115,6748
108051171,492,386,199,59,2399
109011172,1242,902,461,148,8977
109011173,855,572,272,90,5025
109011174,1048,867,412,143,5833
109011175,1221,843,341,77,5887
109011176,1024,929,459,152,7067
109021177,272,145,89,31,1229
109021178,518,373,173,48,2936
109021179,284,198,69,16,1558
109031180,478,428,258,94,2524
109031181,591,607,291,83,3348
109031182,608,430,245,91,3216
109031183,657,447,215,57,3075
109031184,496,508,297,92,3165
109031185,855,844,433,183,4577
110011186,2008,1551,947,338,13027
110011187,438,316,184,50,2255
110011188,666,527,222,49,3147
110011189,300,287,140,35,1526
110021190,831,761,361,127,4274
110021191,852,707,430,131,5277
110021192,444,331,155,23,2263
110021193,494,371,195,52,2449
110021194,716,735,275,66,3228
110031195,569,402,190,65,3687
110031196,467,260,115,20,2603
110031197,492,317,157,51,2977
110031198,415,247,94,30,1995
110041199,629,457,285,126,4269
110041200,357,239,85,41,1942
110041201,607,519,245,60,3355
110041202,1522,1183,632,161,9691
110041203,1106,902,662,322,8278
110041204,265,186,101,19,2182
110041205,1693,1336,529,133,9012
111011206,1558,1237,700,305,9072
111011207,571,477,210,59,2773
111011208,1967,1403,756,260,13337
111011209,1849,1394,705,215,12479
111011210,666,469,314,130,4175
111011211,370,305,198,134,2082
111011212,1269,1133,528,184,6450
111011213,1310,1136,561,135,6949
111011214,1397,1133,575,165,7859
111021215,825,632,464,218,5046
111021216,878,811,425,104,4958
111021217,908,601,303,145,7743
111021218,1444,1373,1003,502,9127
111021219,1346,1352,677,239,7277
111021220,1046,1046,397,85,5162
111021221,508,432,146,20,3425
111031222,1249,841,525,174,8997
111031223,519,396,217,42,3402
111031224,1184,894,372,169,7416
111031225,1591,1049,505,199,9522
111031226,939,598,201,40,7746
111031227,1114,756,332,174,8332
111031228,1495,1019,431,182,8735
111031229,1390,1020,450,89,8711
111031230,0,3,0,0,18
111031231,529,393,287,211,6166
111031232,814,904,395,132,4638
111031233,1460,1184,681,364,10545
111031234,836,573,377,372,7035
111031235,782,497,155,37,5650
112011236,1678,1893,1074,542,9814
112011237,1934,1602,751,235,9876
112011238,815,586,174,77,4178
112011239,1002,786,272,62,5388
112011240,1017,875,290,86,6871
112011241,572,502,178,65,2840
112011242,1017,797,246,60,5407
112011243,1041,933,250,61,5265
112021244,733,702,440,182,5001
112021245,857,592,215,52,3527
112021246,1042,886,454,187,6600
112021247,906,735,245,98,3746
112021248,1443,1047,410,163,7856
112021249,2075,1556,440,90,8958
112031250,1556,1241,516,194,7918
112031251,846,693,381,246,4715
112031252,1395,1033,312,69,5746
112031253,1380,980,462,192,7368
112031254,1843,1775,1016,489,11018
112031550,1283,1137,843,419,7925
112031551,321,247,90,28,1719
112031552,628,648,477,236,3896
113011256,1177,746,388,225,8747
113011257,939,570,216,58,5532
113011258,679,453,238,92,4212
113011259,440,338,172,70,2444
113021260,312,248,137,38,1687
113021261,483,344,236,94,2871
113021262,507,354,147,36,2231
113031263,645,669,364,102,3487
113031264,290,225,109,30,1581
113031265,504,365,148,42,3267
113031266,507,471,213,83,2822
113031267,1353,1066,506,158,8258
113031268,292,167,163,103,2778
113031269,1611,1084,463,209,10315
113031270,852,654,351,177,5910
113031271,1346,972,332,107,8570
114011272,1202,1248,649,221,5619
114011273,491,408,180,44,1999
114011274,578,495,316,68,2659
114011275,14,12,3,0,41
114011276,628,631,222,68,2897
114011277,1470,1265,628,183,8277
114011278,1477,1121,607,257,10845
114011279,1261,1365,727,199,7321
114011280,533,572,325,123,2437
114011281,462,330,115,20,2062
114011282,1750,1750,868,292,8800
114011283,838,809,275,49,3330
114021284,1392,1730,1333,567,8130
114021285,531,331,134,19,3062
114021286,962,916,543,178,5977
114021287,976,908,540,171,5707
114021288,518,456,199,28,2299
114021289,911,988,482,121,4380
115011290,1743,1283,754,228,13687
115011291,2168,1597,596,118,12574
115011294,653,513,432,167,3541
115011296,1605,1333,409,80,7543
115011553,604,468,259,54,4359
115011554,578,388,450,570,3483
115011555,1242,1024,420,96,6934
115011556,877,723,330,73,6023
115011557,595,331,97,16,2946
115011558,2167,1515,677,354,11416
115011621,1480,865,326,67,9442
115011622,742,518,340,216,6570
115021297,2261,1573,812,283,12035
115021298,620,462,272,87,3061
115031299,409,249,124,23,1649
115031300,2113,1313,474,119,11260
115041301,851,570,250,59,5429
115041623,410,240,69,11,5513
115041624,837,460,157,86,9251
115041625,1318,632,248,37,9223
116011303,831,601,279,133,9163
116011304,1087,804,316,92,9874
116011306,1652,1079,342,75,11458
116011307,1802,1292,512,160,12573
116011560,807,459,205,49,5884
116011561,1041,572,297,167,8255
116011626,1037,736,307,50,7561
116011627,625,404,201,49,6013
116021309,1253,654,207,31,8461
116021562,276,126,38,6,1952
116021563,1546,931,249,61,12966
116021628,1021,629,283,70,10873
116021629,452,290,91,9,8058
116021630,611,342,107,26,6813
116021631,448,184,50,5,5294
116021632,773,389,90,12,13671
116021633,880,479,161,29,7555
116031313,833,566,259,44,6231
116031314,480,288,97,64,3856
116031315,1533,701,182,63,9529
116031316,824,520,311,78,7829
116031317,1131,705,249,68,9085
116031318,4,0,0,0,11
116031319,1606,941,408,352,10720
117011320,20,17,0,0,358
117011321,880,481,209,74,7022
117011323,993,612,297,93,8093
117011324,4,3,0,0,7
117011325,0,0,0,0,17
117011634,609,391,236,70,4514
117011635,887,426,191,49,14059
117021327,1539,877,331,93,13208
117021328,508,275,97,25,5049
117021636,787,441,183,60,7485
117021637,962,517,204,66,8443
117031329,954,574,251,60,8276
117031330,1190,527,157,34,14225
117031331,1668,1215,488,110,14355
117031333,1693,1231,591,299,14447
117031336,1122,595,277,103,12099
117031638,502,267,100,18,5444
117031639,270,141,35,12,5907
117031640,1140,552,148,38,10359
117031641,998,825,301,65,9146
117031642,1030,637,301,90,9567
117031643,567,296,93,26,8357
117031644,723,561,280,80,6256
117031645,727,380,161,34,14972
117031646,281,166,54,22,5310
117031647,777,559,297,134,11708
117031648,391,218,59,8,9368
118011339,1405,942,514,229,13018
118011340,1273,765,364,152,14189
118011341,1320,974,615,324,11957
118011342,0,0,0,0,0
118011344,1018,762,363,127,6744
118011345,1292,940,542,184,10500
118011346,1285,961,582,307,7178
118011347,679,664,460,214,5081
118011649,1428,1222,615,224,9313
118011650,905,875,643,248,6996
118021564,757,477,306,148,7357
118021565,929,567,262,105,8219
118021566,851,574,333,230,5852
118021567,898,619,307,109,6482
118021568,750,454,241,56,5883
118021569,1194,822,495,401,10857
118021570,931,609,347,188,8377
118021651,1561,976,378,100,13409
118021652,1027,765,478,198,6517
118021653,1161,697,334,97,6775
118021654,541,342,175,75,3086
119011354,1191,821,526,278,9409
119011355,75,51,6,0,775
119011356,628,367,185,62,4904
119011358,1395,815,450,298,8636
119011360,1167,721,366,293,8483
119011361,1165,712,306,139,8967
119011571,794,490,213,88,7566
119011572,819,492,259,166,7771
119011655,788,457,205,90,5843
119011656,671,350,148,61,5095
119011657,836,492,264,59,5362
119011658,1294,765,319,126,7891
119021362,1299,684,349,174,9552
119021366,995,507,243,70,8545
119021367,944,497,267,137,6654
119021573,717,377,218,155,7710
119021574,391,194,84,27,4524
119021659,669,357,191,103,5642
119021660,485,268,102,42,4500
119021661,714,303,184,127,6500
119021662,1453,782,422,199,9002
119021663,382,255,122,55,2817
119031370,993,658,316,204,6912
119031371,1296,939,392,152,7180
119031372,1700,1183,750,425,10650
119031373,744,482,293,95,5504
119031374,2116,1256,603,295,13969
119031664,557,340,171,71,7190
119031665,938,548,255,193,6143
119031666,1267,837,355,161,8249
119031667,726,409,191,114,5352
119041377,1019,639,332,106,6527
119041378,771,435,277,252,7908
119041379,1325,741,373,185,9012
119041380,1141,724,399,145,7407
119041381,1066,666,320,139,11187
119041382,1508,1023,566,241,8836
119041668,882,539,287,129,9057
119041669,727,452,221,177,4738
119041670,1066,620,325,191,8410
119041671,287,134,44,4,8071
120011383,2265,1649,843,254,13386
120011385,1788,1279,560,282,11123
120011386,1941,1311,618,299,12216
120011672,1064,640,236,67,7468
120011673,516,336,111,41,8353
120021387,1767,1372,619,118,10312
120021389,1280,863,332,97,8721
120021674,881,626,223,69,6354
120021675,1346,857,318,118,10716
120031392,988,514,187,49,6934
120031393,1396,845,441,243,9191
120031394,1443,745,276,121,11419
120031395,1318,839,265,118,8267
120031396,840,446,178,50,13326
120031576,291,182,84,16,1959
120031676,833,558,256,109,7523
120031677,937,569,372,305,7578
120031678,805,508,248,125,9794
120031679,1056,568,267,163,6118
120031680,1006,585,337,160,10823
120031681,948,647,319,156,5389
121011399,1656,1240,566,217,13787
121011401,871,585,208,59,8416
121011682,691,502,218,84,5946
121011683,1626,1124,615,305,7962
121011684,1307,962,531,277,12144
121011685,1476,1057,580,190,8337
121011686,1286,920,532,243,10060
121011687,1157,718,349,190,7395
121021403,2088,1291,567,132,12706
121021404,1267,806,397,92,6667
121021406,1844,1274,780,333,11196
121021577,834,539,267,88,7524
121021578,967,723,343,154,6254
121021579,722,628,466,288,7350
121031407,2375,1589,934,414,13953
121031408,2513,1782,1034,408,14888
121031409,1969,1243,625,236,10314
121031410,2197,1590,1176,445,12667
121031411,2092,1545,1227,741,12279
121031412,1991,1380,913,433,10990
121041413,1851,1554,788,223,12765
121041414,1447,1194,622,163,13037
121041416,1623,1307,853,335,12575
121041417,1261,937,534,82,9532
121041688,1535,1248,868,329,9021
121041689,1665,1197,757,253,9383
122011418,2262,1292,761,226,12027
122011419,2211,1370,795,248,15354
122021420,1704,1405,700,254,7772
122021421,1310,1009,700,226,6516
122021422,1802,1281,645,148,8260
122021690,1373,1133,823,451,8346
122021691,1033,680,296,87,6012
122031424,1324,759,485,197,7567
122031425,648,484,336,128,4244
122031427,1248,727,583,273,7175
122031429,1802,1081,451,165,13348
122031430,1460,943,494,286,9851
122031432,402,308,190,75,2142
122031692,737,570,533,232,4674
122031693,1354,838,419,161,7931
122031694,914,452,190,60,5342
122031695,1249,700,350,103,10930
122031696,1539,1016,668,163,9314
122031697,932,806,624,436,6688
123011433,976,876,460,305,6690
123011698,288,139,35,9,2766
123011699,850,593,258,64,6521
123011700,698,350,128,16,5133
123011701,1290,621,202,38,8715
123011702,341,163,41,4,4429
123021436,1002,727,348,47,8156
123021437,1260,935,489,148,10547
123021438,1385,815,192,49,8660
123021439,0,0,0,0,0
123021441,1062,929,388,66,7463
123021443,1326,807,265,61,9349
123021444,1561,1157,464,128,9133
123021703,572,312,129,26,7408
123021704,704,421,234,174,5547
123021705,1290,750,253,60,7951
123021706,888,535,232,61,6122
123031445,424,317,167,45,2701
123031446,819,588,271,123,5444
123031447,1340,992,426,180,9136
123031448,728,588,190,30,4695
124011449,805,730,361,81,3647
124011450,1965,1619,705,169,10826
124011451,4,4,0,0,7
124011452,1634,1590,710,222,8183
124011453,1364,949,363,69,6607
124011454,2264,1864,850,372,12432
124011455,767,817,373,132,3883
124021456,0,3,0,0,3
124031457,942,741,230,56,6896
124031459,1027,862,419,118,6900
124031460,1487,751,217,46,9828
124031461,1022,863,394,112,7856
124031462,1158,770,372,154,11710
124031463,788,420,188,28,5503
124031464,1022,745,505,337,9412
124031465,416,210,82,7,2697
124031707,1174,577,211,33,7566
124031708,389,239,106,23,6129
124041466,989,822,572,278,7636
124041467,1130,575,251,57,6991
124041468,536,302,114,19,3906
124051469,588,242,56,15,2960
124051470,1484,925,203,49,8622
124051580,650,421,170,39,5184
124051581,895,585,282,147,7438
125011475,0,0,0,0,0
125011582,653,412,174,83,8493
125011583,333,179,114,80,5176
125011584,475,227,88,36,3346
125011585,511,298,119,50,3689
125011586,1290,701,269,104,11181
125011587,298,170,65,21,2131
125011709,607,355,121,19,5711
125011710,813,415,100,14,14259
125021477,1771,982,466,181,13055
125021478,1633,901,476,218,9913
125021711,1120,721,432,213,6628
125021712,1587,1078,572,113,10736
125031479,1097,644,282,204,8272
125031480,702,544,270,227,5858
125031481,1047,577,226,63,10951
125031483,978,535,262,90,8502
125031484,1073,636,326,138,9313
125031486,0,0,0,0,9
125031487,0,0,0,0,3
125031713,994,776,415,112,7325
125031714,1240,654,302,94,10788
125031715,691,414,225,108,5252
125031716,428,209,104,36,3365
125041489,1444,821,363,168,13922
125041490,778,607,340,62,4824
125041491,1060,771,411,160,12370
125041493,1679,1068,636,272,12144
125041494,838,638,405,104,5850
125041588,745,470,239,136,7373
125041589,1053,524,239,120,12767
125041717,330,234,68,18,8559
125041718,337,208,72,21,6093
125041719,357,203,49,35,5611
126011496,2424,1765,997,377,13238
126011720,1301,800,395,163,9030
126011721,1596,1186,467,177,11478
126021498,1412,928,486,248,9408
126021499,1006,871,549,452,5944
126021500,1446,1016,589,357,15664
126021501,1387,800,374,193,9512
126021503,1523,934,418,133,12691
126021590,508,323,113,41,2408
126021722,792,552,201,88,4090
126021723,1744,1227,553,198,11298
126021724,1662,1038,482,213,11540
126021725,616,397,227,164,7871
127011504,819,446,246,80,5642
127011505,534,383,185,125,5495
127011592,0,0,3,0,15
127011593,535,274,65,14,2942
127011594,766,400,147,25,4720
127011595,807,364,105,17,5123
127011596,688,286,97,12,5352
127011597,860,331,111,15,7017
127011726,290,236,112,22,2311
127011727,510,225,56,10,6800
127011728,523,380,178,38,5750
127011729,490,257,97,37,7995
127021509,852,532,190,109,6012
127021510,1452,890,312,97,7729
127021511,936,619,349,222,7703
127021512,803,456,215,76,6058
127021513,882,484,281,133,7159
127021514,651,395,147,60,3877
127021515,925,598,266,81,6096
127021516,880,549,299,77,6513
127021517,479,347,162,39,3130
127021518,333,203,86,32,1927
127021519,998,712,344,180,6901
127021520,537,465,200,68,3968
127021521,3,0,6,0,19
127031522,1127,605,263,120,7342
127031523,1261,899,395,74,9579
127031524,1566,779,400,247,10942
127031599,595,360,200,49,4386
127031601,330,185,76,30,2871
127031730,416,169,45,4,5931
127031731,747,475,189,43,8814
127031732,757,460,248,101,5367
127031733,1039,401,159,144,6739
128011529,1722,1122,613,187,10098
128011530,1523,1117,752,463,11358
128011531,1347,1049,861,477,8665
128011602,877,621,316,135,7007
128011603,1257,927,413,185,7034
128011604,2639,1961,834,356,14861
128011605,365,263,108,44,1839
128011606,910,628,280,83,5117
128021533,519,404,266,200,3576
128021534,1268,877,267,61,5751
128021535,2218,1384,416,134,11119
128021536,1933,1457,714,244,12249
128021537,0,0,0,0,28
128021538,1713,1125,697,375,13425
128021607,1193,979,610,185,8961
128021608,631,473,249,61,3968
128021609,459,247,65,9,1970
197979799,0,0,0,0,0
199999499,1165,680,173,28,7237
201011001,1019,688,332,65,8095
201011002,1229,1008,576,202,7025
201011005,713,602,203,40,3853
201011006,559,406,204,80,4949
201011007,386,250,73,14,2010
201011008,877,754,456,222,6785
201011481,702,612,327,188,4988
201011482,1305,959,372,127,7680
201011483,809,721,333,147,6356
201011484,796,712,353,129,5946
201021009,599,415,176,54,3330
201021010,821,727,307,104,4139
201021011,1371,1230,460,138,5992
201021012,657,406,159,17,3230
201031013,325,386,144,39,1686
201031014,405,363,147,40,2177
201031015,418,390,120,8,2420
201031016,572,619,381,117,3421
201031017,596,507,235,40,2582
202011018,1172,921,472,275,7729
202011019,825,668,311,108,5707
202011020,1182,1010,579,257,7363
202011021,797,584,273,104,5030
202011022,1400,1249,830,419,9988
202011023,400,283,77,12,2589
202011024,825,635,312,55,5357
202011025,867,627,228,49,6577
202021026,848,548,172,27,4233
202021027,1158,1184,698,309,6468
202021028,1234,1108,424,77,5353
202021029,557,464,245,67,2588
202021030,1009,893,409,123,5677
202021031,786,686,327,76,4409
202031032,529,355,149,21,2418
202031033,744,588,248,120,3386
203011034,473,340,166,66,3706
203011035,763,480,138,26,4119
203011036,674,479,187,61,3533
203021037,1008,853,448,229,8407
203021039,1256,947,358,94,8019
203021040,1585,992,421,159,11724
203021042,2068,1556,830,220,13437
203021043,1317,921,371,93,9580
203021044,1009,773,501,158,6662
203021045,1041,914,571,245,7350
203021046,1040,739,364,107,5990
203021047,996,904,455,221,7658
203021485,419,296,233,120,5532
203021486,990,633,308,74,7038
203021487,1496,1197,674,312,12939
203021488,494,349,176,74,3861
203031048,1475,1424,695,186,8563
203031049,899,944,399,116,4083
203031051,1167,1308,582,174,5320
203031052,711,961,541,169,3552
203031053,2113,1770,735,250,13924
203031489,828,759,296,68,6289
203031490,1889,1753,713,281,10788
204011054,736,703,310,114,3550
204011055,731,770,335,119,3602
204011056,1108,800,394,140,7226
204011057,1151,1006,392,114,5624
204011058,450,407,184,64,2267
204011059,530,387,197,80,2935
204011060,407,301,119,28,2359
204011061,17,13,0,0,110
204011062,519,446,220,40,2295
204021063,967,885,556,210,5333
204021064,489,392,128,18,2015
204021065,387,332,136,39,1977
204021066,1470,1244,755,339,9549
204021067,1137,852,294,60,5230
204031068,577,558,212,61,2852
204031069,970,808,383,91,5172
204031070,358,240,115,12,1639
204031071,455,382,168,74,2325
204031072,740,541,251,97,3203
204031073,1141,856,329,101,7133
204031075,598,425,174,36,2864
204031491,811,550,221,73,6291
204031492,1094,938,496,116,7314
205011076,1426,1207,577,146,9265
205011077,751,558,239,43,3421
205011078,671,646,253,92,4034
205011079,1870,1470,771,224,11653
205021080,0,0,0,0,0
205021081,1158,1081,683,276,7269
205021082,880,682,277,58,4118
205021083,0,0,0,0,0
205021084,1108,1360,631,135,5700
205021085,790,695,333,84,3402
205021086,827,1037,523,125,3802
205031087,1086,1064,445,117,4996
205031088,13,13,5,0,68
205031089,930,716,297,78,4744
205031090,985,897,437,121,5474
205031091,1595,1512,653,222,7579
205031092,0,0,0,0,12
205031093,2630,2607,1234,360,13611
205041094,1210,854,327,63,5929
205041095,1323,1132,572,206,7846
205041096,1023,782,433,240,6223
205041098,455,293,85,13,2290
205041493,916,628,370,165,5742
205041494,1244,950,484,159,8262
205051099,3,9,0,0,14
205051100,552,489,158,25,2529
205051101,1291,1095,429,110,7020
205051102,350,279,85,17,2152
205051103,1107,927,482,215,7379
205051104,583,570,208,67,2722
206011106,689,373,130,36,9134
206011107,920,561,198,81,9117
206011109,821,353,135,78,5467
206011495,766,414,137,48,8486
206011496,796,460,167,49,9201
206011497,827,449,155,38,7477
206011498,895,491,129,57,7612
206021110,846,459,125,23,5509
206021112,1312,663,263,190,11526
206021499,1274,678,249,92,9411
206021500,782,430,157,56,6763
206031113,1212,693,257,68,8969
206031115,532,354,110,36,5636
206031116,1377,860,301,127,9889
206031501,1463,861,345,194,8947
206031502,1063,670,249,78,7444
206041117,600,502,312,139,11569
206041118,895,487,147,16,11842
206041119,541,511,246,85,3832
206041120,3,0,0,0,68
206041121,672,416,132,58,7014
206041124,341,276,187,71,4305
206041125,557,551,418,186,4817
206041127,0,0,0,0,0
206041503,513,299,131,21,7516
206041504,309,163,56,8,12414
206041505,443,202,56,8,12232
206041506,855,529,208,60,10651
206041507,0,0,0,0,0
206041508,415,261,124,20,4961
206041509,607,390,138,18,12637
206041510,328,158,57,6,5486
206051128,1598,1174,637,144,10457
206051129,1404,756,255,69,10238
206051130,1577,1080,505,86,10178
206051134,1039,660,271,90,10873
206051511,98,24,3,0,1415
206051512,1026,689,368,178,7978
206051513,891,513,180,41,8811
206051514,1348,819,387,207,10319
206061135,737,679,440,118,6359
206061136,1203,806,405,178,13735
206061138,1432,1360,869,310,8757
206061515,582,418,206,57,8834
206061516,699,525,290,104,7152
206071139,510,333,142,30,6776
206071140,680,608,280,72,5846
206071141,458,244,87,17,6517
206071142,824,473,201,58,7301
206071143,1013,776,422,125,8866
206071145,921,714,226,44,6633
206071517,1236,708,304,58,12761
206071518,779,517,208,69,9171
207011146,826,503,254,122,4567
207011147,1585,1251,754,346,9614
207011148,2278,1353,716,278,11829
207011149,2327,1705,947,502,13128
207011150,1885,1186,607,167,10124
207011152,1304,943,552,189,10485
207011154,696,437,221,80,3790
207011155,1855,1441,708,338,9734
207011519,852,647,336,86,6527
207011520,921,704,423,156,8296
207011521,1257,953,562,253,7266
207011522,1346,951,497,235,8128
207021156,988,584,418,139,5972
207021157,1877,1391,973,397,14268
207021159,1740,1329,760,281,9378
207021160,1120,795,719,300,7677
207021424,1475,1101,600,187,8648
207021425,1020,698,579,187,8241
207031161,2003,1231,748,368,12799
207031162,869,624,384,204,5983
207031163,1554,1042,613,389,13893
207031164,1540,998,509,171,10329
207031165,825,512,350,225,7392
207031166,810,553,453,131,6014
207031167,1085,856,378,158,6354
208011168,1661,1185,654,216,7933
208011169,2673,2121,1288,570,13871
208011170,1733,1165,661,413,9361
208011171,971,587,307,132,6910
208011172,2088,1233,617,165,10571
208011173,2069,1584,849,378,10388
208021174,2230,1293,675,344,14310
208021176,1365,932,498,242,12125
208021177,1751,1720,674,346,13782
208021178,1653,1492,654,366,10969
208021179,1071,803,350,135,7411
208021180,593,264,123,59,4374
208021181,811,491,176,54,5650
208021182,1031,700,299,69,8349
208021426,1278,749,283,124,8841
208021427,1138,719,324,159,7583
208031183,775,410,213,75,4445
208031184,6,0,0,3,25
208031185,1084,805,315,100,6303
208031186,1185,863,417,211,8475
208031187,372,262,126,41,2639
208031188,1780,1184,648,397,13361
208031189,1196,653,353,101,7306
208031190,1087,800,476,197,7602
208031191,677,443,234,70,4950
208031192,0,0,0,0,26
208031193,1863,1206,527,246,11685
208041194,1904,1448,898,362,12857
208041195,2013,1364,662,319,13295
209011196,639,447,298,96,4946
209011197,1716,1417,623,219,11269
209011198,1310,960,568,283,9555
209011199,1008,555,209,68,8133
209011200,1269,910,374,142,7715
209011201,985,729,326,112,4743
209011202,1396,1227,629,134,9161
209011203,1420,1053,612,227,10148
209011204,657,462,261,70,4875
209021205,752,362,195,110,5800
209021428,1165,610,195,80,11807
209021429,877,413,159,98,7085
209021523,790,396,229,95,7885
209021524,463,337,231,103,4208
209021525,696,497,271,204,6731
209021526,805,406,163,84,7676
209031209,2523,1877,717,172,13241
209031210,387,251,90,15,2005
209031211,460,281,75,11,2307
209031212,685,508,171,33,2939
209031213,875,533,220,85,4820
209031214,836,530,209,29,3933
209031215,1396,737,286,64,7656
209041216,505,249,119,62,3771
209041217,385,304,180,46,3162
209041220,1442,781,233,96,8487
209041221,909,559,172,37,5473
209041223,831,598,290,84,7858
209041224,1286,677,233,36,10257
209041225,713,554,209,96,5293
209041431,773,437,327,279,6090
209041432,454,293,131,38,3660
209041433,437,214,58,15,5466
209041435,645,267,64,12,5793
209041436,714,423,208,92,5854
209041437,570,329,81,14,11421
209041527,745,499,178,20,7503
209041528,397,247,79,11,5045
209041529,398,263,169,46,4119
209041530,492,313,138,43,5203
209041531,448,321,140,14,5427
209041532,396,193,60,5,5736
210011226,491,344,163,66,4108
210011227,3,0,0,0,9
210011228,647,516,300,104,4073
210011230,612,326,136,72,3938
210011231,883,609,255,80,5261
210011533,743,620,401,180,5785
210011534,977,650,503,113,7145
210021232,1235,800,403,147,7264
210021233,431,366,129,18,2034
210021234,468,317,137,9,2391
210021235,973,642,256,42,5432
210031236,497,243,135,103,4611
210031237,589,338,161,82,6209
210031439,190,116,83,37,1504
210031440,296,164,114,53,2814
210031535,702,365,229,148,7327
210031536,390,191,178,196,5015
210031537,470,253,120,66,4597
210031538,1035,500,258,174,9541
210041240,1137,710,259,75,6779
210041539,261,141,33,4,2695
210041540,982,723,364,139,7333
210041541,916,502,185,40,5541
210051242,550,291,158,64,5903
210051243,589,344,226,70,5445
210051245,1196,853,438,126,8040
210051246,1453,716,187,28,9977
210051247,652,302,124,19,5134
210051248,14,13,3,0,87
210051250,363,294,138,22,3063
210051441,499,211,58,13,3318
210051442,513,193,43,12,5311
210051443,939,386,89,19,9097
210051445,558,259,60,13,10883
210051542,219,101,20,3,4378
210051543,361,220,113,68,5616
210051544,579,213,67,18,3806
210051545,557,210,93,20,4986
211011251,762,549,354,191,6659
211011254,1224,825,437,105,8829
211011255,691,285,93,17,3337
211011256,1460,784,324,102,8011
211011257,686,337,181,54,3991
211011258,1037,503,242,59,5335
211011259,1071,989,419,246,7594
211011260,1694,1233,651,304,9774
211011446,1541,1263,694,266,12430
211011447,1039,764,442,127,7327
211011448,1186,801,326,109,7838
211011449,362,227,79,14,2214
211021261,1603,1102,662,270,8945
211021262,1201,773,299,86,5505
211031263,889,495,255,194,6049
211031265,1800,1029,439,134,9597
211031266,1167,897,524,288,10351
211031267,1648,1192,654,250,11585
211031268,952,617,351,100,5252
211031450,1094,874,454,168,8393
211031451,995,797,602,258,7385
211031452,341,232,118,37,2479
211041269,814,590,407,191,5859
211041270,1276,850,423,123,9556
211041271,833,584,400,267,7122
211041272,766,601,412,114,5912
211041273,1079,977,556,298,6773
211051274,957,680,195,40,5565
211051275,859,626,350,64,5918
211051276,1351,1020,538,191,7327
211051277,626,474,320,128,4853
211051278,1518,1022,569,159,9805
211051279,487,390,153,39,2962
211051280,563,421,213,128,3623
211051281,1551,1109,516,152,11427
211051282,1129,960,356,57,5760
211051283,776,519,244,31,4934
211051284,1026,680,200,44,5525
211051285,704,401,190,35,3924
211051286,1510,1143,466,108,8357
212011289,1798,1127,434,91,9677
212011546,1253,688,247,41,11972
212011547,878,521,264,69,4791
212011548,550,421,194,71,4444
212011549,680,444,258,114,7108
212011550,319,248,91,8,3518
212011551,318,245,213,68,3091
212011552,1116,714,433,190,12096
212021293,1985,1284,820,346,11850
212021295,500,369,210,76,4787
212021297,691,443,221,125,4898
212021299,782,478,196,94,4023
212021453,979,604,204,66,5764
212021454,1117,798,240,55,6501
212021455,1002,430,162,51,6311
212021456,884,457,198,59,6819
212021553,1030,522,207,36,8519
212021554,564,269,93,17,5526
212031300,1152,711,280,63,9314
212031303,824,489,196,49,8413
212031304,755,418,160,55,9640
212031306,801,358,122,53,8374
212031308,657,427,149,42,3752
212031457,940,445,167,26,5858
212031458,913,370,145,30,6920
212031555,363,204,76,10,5127
212031556,321,130,35,5,7286
212031557,736,473,291,85,10336
212031558,327,187,155,96,5772
212031559,407,172,46,12,5670
212031560,672,303,115,19,5010
212031561,788,333,124,21,5270
212031562,777,419,143,25,5468
212041309,837,646,311,159,5686
212041310,584,381,187,56,7016
212041312,1314,955,475,149,10128
212041313,839,664,345,131,5176
212041316,398,328,167,24,3253
212041317,785,546,331,170,9198
212041318,476,359,197,58,4378
212041459,648,397,193,92,6326
212041460,773,605,366,130,7840
212041563,1052,705,406,187,9899
212041564,246,226,118,42,3203
212041565,684,660,345,105,5871
212041566,744,338,96,28,7060
212051319,1338,864,434,193,11311
212051321,1854,1474,967,332,12209
212051322,1796,1086,695,343,12059
212051323,1543,897,594,241,9372
212051324,1613,1006,656,319,11066
212051325,1293,918,596,199,10247
212051326,1607,809,326,152,12787
212051327,1687,1609,1215,655,11505
212051567,277,186,125,121,6102
212051568,500,305,184,146,7692
213011328,344,253,122,27,3827
213011329,487,248,66,11,4085
213011331,485,284,98,19,3223
213011332,900,723,227,56,5824
213011333,607,504,169,35,4864
213011334,880,638,295,96,8326
213011335,741,526,402,313,7201
213011336,471,263,122,79,4709
213011337,521,326,144,63,4817
213011338,822,514,294,98,7532
213011339,792,328,146,73,5630
213011340,1675,809,287,56,7930
213011569,744,598,266,41,7479
213011570,286,115,38,8,3601
213021341,1028,699,361,137,7302
213021342,1301,827,255,76,8647
213021343,622,352,264,132,6881
213021344,1458,679,232,155,10561
213021345,352,151,47,17,2415
213021346,1894,1181,460,137,9092
213031347,802,495,173,118,9745
213031348,848,506,232,158,11071
213031349,811,464,137,34,7371
213031350,628,229,74,44,5513
213031351,646,290,127,45,6763
213031352,1110,449,152,73,8927
213041353,1531,1162,525,125,11615
213041358,924,549,195,30,8701
213041359,382,187,46,0,8277
213041360,787,369,157,47,8403
213041461,326,192,122,105,2540
213041462,251,99,22,4,2712
213041463,1108,537,190,33,9439
213041571,404,315,136,41,4058
213041572,158,61,9,0,3701
213041573,151,101,17,3,1372
213041574,294,126,32,4,4768
213041575,1005,421,118,19,7335
213041576,730,406,133,25,4895
213041577,437,440,199,34,3300
213041578,592,466,169,53,6745
213051361,1419,692,184,58,8464
213051362,1235,859,339,59,8714
213051363,484,254,57,18,6439
213051368,991,607,297,154,8285
213051464,949,456,119,20,9854
213051466,526,350,58,5,9764
213051467,1133,745,367,189,8457
213051468,1077,615,190,25,11012
213051579,240,125,24,16,5352
213051580,806,383,194,27,7044
213051581,364,190,51,14,4884
213051582,173,82,22,4,5253
213051583,853,424,136,25,13947
213051584,90,50,12,0,3883
213051585,394,216,105,22,5164
213051586,125,72,15,0,4820
213051587,253,118,25,6,5281
213051588,487,288,115,19,9112
213051589,246,127,39,5,4386
213051590,676,381,130,20,5983
214011370,1284,776,352,190,10346
214011371,1824,1352,634,263,12614
214011372,1280,883,565,201,9450
214011373,1660,1257,740,368,9878
214011374,1872,1170,488,124,12202
214011375,1202,891,479,160,8939
214011376,988,546,169,30,6274
214021377,1301,1213,727,176,7001
214021378,936,925,387,96,3736
214021379,1990,1759,928,235,12072
214021381,1911,1509,941,294,10190
214021382,1851,1571,947,311,10515
214021383,2244,2387,1200,331,11258
214021384,1861,1980,1331,652,11596
214021385,1656,1045,515,189,9231
214021591,1009,861,755,354,7378
214021592,1108,1335,854,374,6295
215011386,634,490,268,90,3595
215011387,344,291,110,18,1626
215011388,1181,893,458,189,7735
215011389,365,208,91,39,1702
215011390,583,401,212,119,3005
215011391,313,279,151,49,1559
215011392,733,693,325,134,4109
215011393,254,219,91,31,1245
215011394,607,462,247,119,2901
215021395,539,339,158,36,3433
215021396,399,228,112,30,2152
215021398,296,213,93,37,1561
215021399,482,303,123,33,2672
215021469,1203,922,438,195,8041
215021470,993,722,365,156,7123
215031400,580,427,205,108,2778
215031401,533,494,223,62,2843
215031402,319,291,133,68,1674
215031403,171,146,49,29,1291
215031404,677,493,293,131,4807
215031405,579,364,135,36,2800
216011406,1210,930,506,224,7193
216011407,837,697,339,152,4875
216011408,364,241,106,17,1806
216011409,349,226,151,79,1728
216011410,441,292,161,42,1929
216021411,379,409,238,87,2580
216021412,292,192,83,10,1351
216021413,1039,733,361,107,5641
216021414,601,722,435,150,3866
216031415,554,471,271,130,3732
216031416,1374,896,466,250,9286
216031418,368,225,68,19,1892
216031419,838,577,287,87,4739
216031593,630,426,219,87,4164
216031594,841,694,390,125,6421
217011420,908,689,266,84,4170
217011421,791,700,381,183,4833
217011422,930,785,336,116,5035
217011423,620,534,191,58,3072
217031471,255,265,151,55,1579
217031472,801,726,395,154,5386
217031473,569,448,131,24,2809
217031474,550,358,164,72,2473
217031475,579,390,176,73,3201
217031476,540,490,162,36,2342
217041477,630,391,154,33,3225
217041478,932,861,352,118,5114
217041479,1687,1178,610,191,10609
217041480,1098,921,442,239,6890
297979799,15,4,0,0,40
299999499,779,411,85,18,5907
301011001,1297,843,298,131,8006
301011002,735,435,146,40,3898
301011003,1265,964,512,246,7753
301011004,1413,1034,404,155,9075
301011005,334,247,82,20,1976
301011006,1269,779,321,108,6307
301021007,1676,1502,802,333,8508
301021008,665,500,325,100,3458
301021009,1425,999,448,91,8705
301021011,629,346,143,21,4248
301021012,1434,865,386,145,9650
301021013,1342,1110,760,346,7616
301021550,271,258,120,21,1216
301021551,1236,1317,546,92,4697
301031014,4,0,0,0,5
301031015,839,534,264,118,4402
301031016,923,530,284,103,6011
301031017,299,155,35,12,2701
301031018,645,392,196,39,4595
301031019,612,309,104,18,4801
301031020,1319,897,361,191,7857
301031021,1029,678,362,165,7687
302011022,460,281,108,31,3769
302011023,981,570,268,100,5789
302011024,679,548,357,196,5213
302011025,575,389,210,78,5630
302011026,672,433,174,34,4318
302021027,1031,773,519,288,6937
302021028,565,424,377,315,6727
302021029,490,296,180,54,3476
302021030,306,165,121,108,2378
302021031,979,502,169,76,8400
302021032,465,254,106,48,3958
302021033,488,331,225,139,3787
302021034,762,418,145,72,5625
302031035,663,430,256,83,4855
302031036,6,3,0,0,120
302031037,208,126,39,4,1430
302031038,447,253,86,31,4005
302031039,673,421,199,156,5775
302031040,852,510,223,84,8393
302041041,1220,766,330,85,8590
302041042,886,523,188,60,5100
302041043,271,195,78,26,1946
302041044,722,476,238,136,3779
302041045,801,599,481,239,7428
302041046,503,313,137,62,4908
303011047,884,415,149,53,6908
303011048,396,205,73,31,3989
303011049,769,516,313,162,6626
303011050,564,326,115,37,4018
303011051,1673,1133,482,134,9038
303021052,780,430,146,41,7721
303021053,1297,729,390,184,11206
303021054,370,173,54,20,3188
303021055,703,402,153,47,6933
303021056,619,367,137,89,4906
303021057,453,312,148,73,3811
303021058,397,187,122,69,5855
303021059,942,632,392,149,6472
303031060,1050,733,304,106,8532
303031061,363,306,164,29,3397
303031062,621,393,203,48,4458
303031063,1109,595,321,122,9055
303031064,720,381,132,21,6055
303031065,560,334,299,194,6302
303031066,823,564,309,121,5998
303041067,290,198,136,32,3276
303041068,768,408,180,73,6349
303041069,316,284,174,59,2859
303041070,473,229,117,66,4129
303041071,894,483,208,84,6193
303051072,480,433,173,34,4448
303051073,1438,988,315,111,12018
303051074,405,172,38,5,5227
303051075,1098,532,206,91,7889
303051076,490,316,166,96,4550
303061077,589,352,191,90,4530
303061078,898,564,200,28,7555
303061079,530,461,242,61,4858
303061080,1199,910,436,113,9353
304011081,709,574,314,111,4410
304011082,610,482,161,38,3909
304011083,309,226,84,7,2243
304011084,959,640,334,152,5530
304011085,519,390,120,19,2526
304021086,966,609,298,67,5795
304021087,807,639,351,124,4151
304021088,1052,931,435,108,6491
304021089,431,260,122,33,2505
304021090,818,567,441,131,5518
304021091,695,405,255,225,3472
304031092,713,472,232,133,4551
304031093,464,356,186,94,3133
304031094,969,769,364,88,8286
304031095,546,396,202,36,3834
304031096,664,622,375,87,7125
304031097,585,457,313,117,6028
304041098,485,254,101,48,5295
304041099,0,3,6,0,20
304041100,433,323,291,195,3843
304041101,666,359,157,50,4940
304041102,0,0,0,0,0
304041103,1635,1162,651,152,9766
304041104,760,571,199,67,6144
305011105,957,555,214,34,9576
305011106,390,186,81,37,7030
305011107,589,319,135,66,4146
305011108,830,603,251,87,6977
305011109,1190,830,375,154,8677
305011110,641,404,162,44,9951
305011111,390,236,66,22,4951
305011112,1104,618,201,34,10072
305021113,432,183,55,8,2677
305021114,780,395,152,40,4508
305021115,433,242,97,18,4092
305021116,505,201,63,10,3055
305021117,881,422,174,74,8597
305021118,528,299,93,21,4112
305031119,254,161,114,55,2842
305031120,479,272,109,28,4068
305031121,566,324,184,46,3486
305031122,928,525,299,87,6657
305031123,352,175,71,24,2592
305031124,672,435,211,75,4351
305031125,438,271,108,31,2755
305031126,509,271,111,29,6387
305031127,390,244,101,20,3237
305031128,1167,666,313,99,13598
305031129,392,184,50,12,2417
305031130,475,258,130,51,5192
305031131,769,399,161,62,6836
305041132,1279,731,281,87,7909
305041133,424,337,158,31,3822
305041134,944,594,231,96,6129
305041135,955,522,196,39,8094
305041136,453,249,86,19,3868
305041137,835,620,290,72,8376
306011138,534,280,91,19,2898
306011139,1426,984,369,67,6634
306011140,416,229,85,12,2206
306011141,1116,580,222,74,7098
306011142,1423,879,352,78,8965
306011143,757,511,156,41,3529
306021144,451,225,96,11,3627
306021145,1122,772,293,71,8376
306021146,667,574,294,80,4302
306021147,619,390,181,80,5104
306021148,791,475,182,61,4787
306021149,844,476,205,100,4890
306021150,0,0,0,0,0
306021151,422,282,155,53,2995
306021152,365,292,128,35,2604
306021153,650,374,133,24,4241
306021154,441,308,170,88,3571
306021155,307,234,113,35,2213
306021156,809,544,270,94,4760
306021157,391,289,107,26,2528
306031158,482,355,115,27,2203
306031159,720,503,255,103,3940
306031160,798,547,204,58,3716
306031161,1072,837,359,87,5103
306031162,4,0,0,0,4
306031163,102,34,9,0,722
306041164,669,490,189,42,3303
306041165,628,476,198,47,3487
306051166,921,874,448,164,5666
306051167,616,523,211,50,2627
306051168,666,432,199,41,2737
306051169,1047,914,396,110,4777
306051170,784,605,353,99,5217
307011171,279,151,71,31,1747
307011172,529,307,151,57,4003
307011173,398,251,132,41,2727
307011174,286,196,113,26,1546
307011175,280,189,94,33,1909
307011176,425,218,111,66,3223
307011177,445,284,100,30,2541
307011178,320,242,87,13,1626
307021179,885,672,418,133,4336
307021180,513,346,137,51,3082
307021181,271,164,74,21,1406
307021182,396,286,166,120,2536
307021183,1036,613,274,88,7146
307031184,402,329,155,33,2374
307031185,437,371,137,45,2082
307031186,476,413,164,33,2298
307031187,403,433,240,74,2397
307031188,656,564,198,27,2988
307031189,1106,962,568,194,6706
308011190,325,134,40,3,2927
308011191,606,352,152,36,3414
308011192,843,327,104,41,6452
308031205,394,244,113,48,2892
308031206,184,110,49,3,837
308031207,581,504,215,72,2730
308031208,638,449,187,57,4304
308031209,439,229,65,8,2249
308031210,659,357,136,53,4916
308031211,298,155,69,24,1946
308031212,282,250,102,24,1267
308031213,715,406,229,77,4933
308031214,294,200,117,59,2262
308031215,446,246,151,120,3393
308031216,387,272,160,60,2730
308031217,244,157,70,25,1485
308031218,347,243,89,15,1623
308031219,488,310,95,20,2304
308031220,260,170,52,11,1417
308031221,4,11,0,0,6
308031222,644,353,229,126,3922
308031223,1867,1201,560,172,9970
308041528,600,367,178,49,3680
308041529,334,201,102,53,2630
308051530,878,585,196,30,3431
308051531,881,438,174,49,4835
308051532,8,5,6,4,27
308051533,799,365,147,74,6164
308051534,501,306,111,24,3098
308051535,857,504,157,31,5059
308051536,266,131,51,6,1607
308051537,0,0,0,0,0
308051538,443,190,81,37,2933
308051539,387,227,110,32,2260
309011224,727,529,241,82,4553
309011225,848,789,342,155,5729
309011226,1025,791,455,208,7500
309011227,1336,896,429,114,8983
309011228,987,753,359,112,7126
309011229,572,358,160,47,4439
309021230,651,611,238,134,3914
309021231,1119,793,373,161,7029
309021232,819,555,303,166,5048
309021233,938,788,412,136,6442
309021234,1344,981,411,135,9350
309031235,850,606,402,120,5747
309031236,899,674,344,135,5715
309031237,768,849,560,159,5051
309031238,1506,1275,717,290,10204
309031239,1150,1034,502,117,5579
309031240,950,879,580,181,5079
309041241,519,348,125,16,2457
309041242,1756,1319,616,143,8889
309051243,804,524,200,102,4149
309051244,1542,965,425,98,9906
309051245,574,360,138,30,4463
309061246,1090,849,437,101,6923
309061247,680,440,244,79,4190
309061248,1451,1101,568,245,10543
309061249,1129,572,245,29,8872
309061250,812,547,261,133,4501
309071251,967,451,120,14,9700
309071252,1532,1006,466,162,9710
309071253,1544,1365,736,184,8196
309071254,407,277,76,13,2199
309071256,1236,644,252,40,8763
309071552,441,274,138,34,4737
309071553,835,403,151,21,5644
309071554,397,437,168,19,4771
309071555,266,104,34,0,4689
309071556,689,394,147,16,5597
309071557,1009,612,279,123,9297
309071558,353,172,54,4,3352
309081259,387,364,262,98,2411
309081260,505,330,196,143,3769
309081262,978,667,376,211,9024
309081559,1238,960,506,171,8868
309081560,694,478,374,157,4899
309091263,966,707,521,315,6720
309091264,436,266,100,24,3252
309091265,794,429,145,53,4665
309091540,1112,870,593,297,10627
309091541,1395,1076,654,265,10693
309101267,920,710,361,113,5343
309101268,419,307,134,22,2663
309101269,539,482,301,46,2561
309101561,1155,986,543,109,7803
309101562,1207,1042,458,125,9102
310011271,250,151,50,10,2229
310011272,395,329,275,163,3592
310011274,795,416,248,55,7000
310011275,495,309,222,94,4750
310011276,173,99,42,10,1635
310011563,360,181,56,13,3811
310011564,1594,911,393,96,10902
310021277,1143,890,386,125,5834
310021278,549,494,236,39,2416
310021279,0,0,0,0,0
310021280,1591,1075,455,120,9146
310021281,1081,748,310,61,6208
310021282,1055,715,304,83,6628
310031283,676,462,264,61,5285
310031284,592,356,155,39,4188
310031285,427,285,85,14,3010
310031286,557,346,209,102,3406
310031287,1301,824,436,226,8267
310031288,462,210,75,15,2327
310031289,606,342,93,18,3383
310031290,656,367,146,32,3363
310031291,438,270,108,24,3290
310031292,441,331,203,66,3042
310031293,938,596,308,135,6642
310031294,487,202,63,0,6272
310031295,157,103,87,35,1237
310041297,657,407,159,19,4174
310041298,0,0,0,0,4
310041299,585,307,130,31,4881
310041300,495,322,146,34,4310
310041301,0,0,0,3,3
310041302,885,493,130,23,9435
310041303,419,179,56,7,3353
310041304,810,376,138,18,11452
310041565,500,173,35,7,4617
310041566,436,280,95,17,4232
311011305,1120,891,414,154,6328
311021306,558,412,122,40,3884
311021307,668,600,558,103,5747
311021308,438,283,90,26,4241
311021309,413,297,153,78,2667
311021310,565,330,104,23,4235
311031311,869,701,390,138,8576
311031312,390,260,96,41,3477
311031313,477,265,119,33,3970
311031314,498,289,76,26,4389
311031315,0,0,0,0,0
311031316,619,403,127,26,4091
311031317,622,384,117,39,5672
311031318,435,197,87,13,1970
311031319,1115,486,161,21,6941
311041322,689,456,191,27,4056
311041567,376,191,65,8,2864
311041568,557,292,59,11,4518
311041569,551,352,100,20,3496
311041570,1278,682,261,64,8242
311041571,279,145,42,5,4186
311051323,616,605,553,311,5698
311051324,767,588,191,41,4647
311051325,691,494,184,30,5419
311051326,597,391,127,28,5120
311051327,1018,669,187,34,6219
311051328,370,328,198,86,3273
311061329,536,389,131,12,3614
311061330,507,318,110,23,3990
311061331,245,209,81,11,2168
311061332,996,772,390,71,7826
311061333,525,403,178,53,4311
311061334,669,610,258,115,5033
311061335,404,230,80,10,3445
311061336,544,430,282,146,4916
312011337,749,524,268,58,4287
312011338,625,249,70,7,4739
312011339,243,116,46,13,1719
312011340,354,192,67,11,1754
312011341,500,103,19,3,4930
312021342,1108,617,301,94,7165
312021343,309,200,114,106,1902
312021344,937,408,116,19,6516
312021345,3,0,0,0,5
312021346,321,169,68,24,2223
312021347,114,39,14,0,358
312021348,877,547,275,76,5586
312021349,472,275,165,102,2973
312021350,360,205,91,50,2814
312021351,559,319,120,19,4021
312021352,947,628,238,60,5326
312021353,854,520,212,33,3932
312021354,511,245,83,21,2917
312021355,324,162,69,11,1594
312021356,503,302,150,42,3167
312021357,641,329,104,16,3705
312021358,490,307,147,89,3189
312031359,1141,742,233,29,8423
312031360,0,0,0,0,0
312031361,771,561,241,50,4176
313011362,1446,1625,860,183,7873
313011363,2230,2780,1605,455,10530
313021364,428,216,104,26,3160
313021366,1233,1027,515,161,9955
313021367,343,225,84,18,2072
313021368,574,374,178,32,4782
313021369,381,284,101,21,2110
313021572,1031,774,355,106,7955
313021573,814,598,360,216,5487
313031370,493,400,157,30,2727
313031371,651,517,182,56,3821
313041372,1152,762,307,62,7772
313041373,1456,1256,732,247,10016
313041374,535,272,99,9,2880
313041375,1178,660,277,78,9728
313041376,256,208,68,5,1659
313051377,701,538,239,76,4124
313051378,1269,990,409,98,6358
313051379,985,950,491,143,5272
313051380,1090,956,698,397,7870
313051574,26,28,8,0,228
313051575,1654,1397,655,219,8251
314011382,1506,858,388,115,8540
314011383,1478,726,231,37,9891
314011384,956,628,224,33,5012
314011385,688,351,115,20,4155
314011386,1769,1218,524,87,13192
314011387,1480,991,354,57,7053
314021389,1156,671,318,116,11280
314021576,263,132,28,8,2566
314021577,1252,782,412,162,9927
314021578,579,285,97,34,7283
314021579,1345,764,399,136,11384
314031391,574,477,146,68,4652
314031392,401,276,128,45,3363
314031393,714,382,127,20,4236
314031394,825,590,274,45,6506
315011395,28,9,0,0,197
315011396,637,410,143,13,3544
315011397,68,61,29,0,437
315011398,83,24,13,0,575
315011399,170,59,8,0,1154
315011400,530,359,134,20,2439
315011401,229,91,20,4,1558
315011402,222,82,12,3,1481
315011403,246,54,11,5,2157
315021404,249,131,51,8,1539
315021405,1138,405,182,37,8327
315021406,293,119,41,4,1964
315021407,222,120,59,17,1393
315031408,354,235,133,47,2030
315031409,359,192,64,25,1697
315031410,138,107,43,3,967
315031411,213,121,53,18,1083
315031412,337,189,70,35,1844
316011413,1694,1657,938,491,10095
316011414,1690,1174,588,201,9684
316011415,866,474,190,42,6054
316011416,578,438,407,173,5865
316021417,857,633,333,145,5084
316021418,717,579,269,87,3886
316021419,768,740,396,146,3951
316021421,1413,1407,728,183,6873
316021422,908,640,353,123,4539
316021423,975,705,457,166,5517
316021424,877,538,284,98,5855
316021580,849,536,227,52,7672
316021581,867,761,667,351,7245
316031425,1668,1186,469,130,9127
316031426,1371,1069,521,123,6666
316031427,2084,1844,974,480,13341
316031428,1327,1014,384,135,7357
316051434,614,666,319,119,3142
316051435,1082,1158,710,199,5465
316051437,840,604,239,41,4105
316051438,982,950,635,301,5553
316051543,549,349,136,33,2466
316051544,705,605,289,95,5387
316061439,734,600,263,87,4532
316061440,1244,1282,624,159,5518
316061441,595,419,188,37,3334
316061442,1206,741,276,58,8210
316061443,885,795,325,64,3896
316061444,1254,908,385,112,6365
316071545,784,708,412,102,5438
316071546,459,352,160,41,2314
316071547,1316,799,297,41,6491
316071548,1808,1241,646,289,11270
316081549,2923,2254,907,225,13344
317011445,619,337,115,19,3767
317011446,745,684,410,175,7206
317011447,650,511,311,183,4993
317011448,348,286,160,54,3420
317011449,520,223,68,9,3287
317011450,1359,991,428,83,7498
317011451,1051,639,236,44,5566
317011452,661,511,265,82,3881
317011453,633,413,211,50,4493
317011454,454,298,128,48,2999
317011455,736,623,375,123,4680
317011456,973,752,337,153,7259
317011457,998,697,346,91,5723
317011458,963,651,268,84,7333
317011459,792,710,557,158,5917
318011460,598,454,235,92,3865
318011461,590,414,195,46,3237
318011462,489,397,218,63,3324
318011463,321,238,87,17,1667
318011464,357,222,159,64,1876
318011465,602,510,222,88,2958
318011466,74,26,3,0,409
318021467,375,216,113,24,2309
318021468,769,461,197,63,5490
318021469,333,226,119,66,1783
318021470,528,288,67,10,4060
318021471,602,406,266,72,4544
318021472,473,320,201,41,2777
318021474,437,266,113,80,4082
318021475,535,307,140,28,3344
318021476,580,291,159,33,3537
318021477,219,170,119,30,1664
318021478,426,289,96,17,2928
318021479,396,266,107,34,2438
318021480,717,405,140,10,4580
318021481,537,385,168,59,3250
318021482,1128,609,212,46,7004
318021483,427,382,131,29,1536
318021484,570,347,100,24,4803
318021485,303,209,161,139,1867
318021486,599,435,167,18,3068
318021487,409,217,95,33,3680
318021488,492,267,88,29,2927
318021489,483,318,106,18,2424
318021490,1027,611,247,39,5790
318021491,397,252,124,28,2212
318021582,924,495,153,28,9074
318021583,373,206,60,10,2647
319011492,365,263,222,97,2508
319011493,1903,1786,865,190,9488
319011494,375,295,107,12,2389
319011495,400,265,152,39,2822
319011496,390,310,172,37,2537
319011497,546,530,337,93,3245
319011498,953,694,243,36,4248
319011499,1190,985,405,61,5027
319011500,484,455,306,145,3093
319011501,382,303,220,97,2526
319011502,739,531,343,96,4579
319021503,479,391,216,48,2758
319021504,574,489,178,32,2445
319021505,694,552,262,95,4606
319021506,744,656,290,71,3846
319021507,369,269,114,15,1878
319021508,273,254,111,37,1510
319021509,974,965,410,68,4446
319021510,0,0,0,0,4
319031511,714,906,394,75,3194
319031512,1093,814,425,172,6570
319031513,571,487,227,67,3352
319031514,2244,1532,578,80,9957
319031515,386,279,125,18,1743
319041516,682,502,177,21,2905
319041517,639,493,186,20,2882
319041518,1111,1396,987,294,7449
319041519,587,559,325,134,2923
319041520,1350,1328,780,290,7527
319041521,1388,1398,636,145,7086
319051522,1173,1128,425,66,4974
319051523,227,206,104,24,1287
319051524,1466,1233,636,234,7845
319051525,1161,1083,290,45,4673
319051526,535,553,217,24,2808
397979799,5,3,0,0,170
399999499,1684,1277,239,26,9143
401011001,1157,1012,418,82,12438
401011002,588,658,395,205,4574
401021003,862,541,200,70,3809
401021004,2063,1788,683,164,10743
401021005,467,415,217,96,2625
401021006,904,677,338,107,4989
401021007,1493,1276,590,177,11233
401021008,761,487,142,32,3564
401021009,411,290,86,11,2677
401021010,681,503,193,34,3452
401031011,1982,1607,908,277,11236
401031012,1021,878,455,124,5945
401031013,1578,1559,957,403,10054
401041014,859,627,286,53,4987
401041015,1324,959,684,351,11094
401041016,1779,1142,760,267,12827
401051017,1009,922,477,115,6926
401051018,911,712,399,263,7215
401051019,1381,992,439,166,8096
401061020,599,412,112,41,3695
401061021,1291,865,282,122,8987
401061022,738,693,404,179,4820
401071023,1749,1428,602,188,10616
401071024,1843,1773,939,491,12535
402011025,743,419,157,56,4308
402011026,1624,1133,694,295,9944
402011027,431,227,89,13,2729
402021028,1173,598,248,73,7982
402021029,688,382,159,46,6369
402021030,497,359,209,112,3600
402021031,780,515,264,153,5426
402021032,650,351,149,33,6635
402021033,294,181,69,13,1297
402021034,602,454,209,112,4446
402021035,271,249,132,41,2239
402031036,1232,813,410,163,12177
402031038,1286,859,421,168,12269
402031175,896,643,302,78,9296
402031176,519,503,305,80,5173
402041039,0,0,0,0,0
402041040,835,760,495,231,7146
402041041,973,671,290,92,6721
402041042,0,0,0,0,7
402041043,878,547,279,101,7105
402041044,922,556,143,22,6515
402041046,906,668,369,162,6821
402041047,1172,831,425,127,7658
402041048,792,448,187,77,6384
402041171,744,401,152,76,7401
402041172,430,307,163,41,3418
402051049,975,596,326,149,5121
402051050,786,365,162,28,4348
402051051,896,769,416,88,5841
402051052,950,916,697,363,8850
402051053,1582,1243,405,105,9522
402051054,1143,1024,478,79,8066
402051055,949,826,508,155,6616
403011056,1629,1455,722,282,8641
403011057,2103,1901,940,383,12024
403021058,1004,662,301,95,7982
403021059,1314,996,315,61,6879
403021060,871,698,359,102,5278
403021061,910,792,502,182,8655
403021062,1151,884,406,195,8588
403021063,817,508,124,35,5032
403021064,1066,946,432,238,8620
403031065,526,494,303,109,3025
403031066,636,570,362,150,4529
403031067,1249,1052,599,130,7512
403031068,1417,897,355,185,8644
403031069,1850,1466,698,235,9666
403031070,640,533,342,150,4676
403041071,1161,831,338,137,6301
403041072,1284,1040,461,127,7737
403041073,607,507,266,91,4220
403041074,860,650,321,157,5461
403041075,366,285,96,15,1589
403041076,438,336,140,13,2533
403041077,1011,809,350,76,5841
403041078,515,427,208,73,3240
403041079,486,396,171,59,3332
403041080,1064,1008,441,136,7075
403041081,0,0,0,0,0
403041082,3,3,0,0,12
403041083,629,543,312,97,3780
403041084,903,802,390,135,6382
403041085,582,538,288,42,4538
403041086,690,549,278,105,4823
403041088,426,339,122,29,1966
403041089,945,605,346,100,5522
403041177,897,712,363,163,6917
403041178,935,607,232,58,5127
404011090,598,310,138,44,4575
404011091,1034,682,435,122,8027
404011092,1514,934,430,139,8175
404011093,1415,816,282,73,10554
404011094,381,223,109,40,3006
404011095,1283,1024,530,272,8730
404011096,1364,1456,669,241,7881
404011097,1175,740,260,114,9133
404021098,0,0,0,0,0
404021099,1674,962,288,98,7888
404021100,1263,945,373,128,7045
404021101,877,548,192,58,5356
404021102,878,556,239,114,8509
404021103,0,5,0,0,4
404031104,0,0,0,0,4
404031105,255,162,91,75,1499
404031106,1035,684,353,129,7214
404031107,1566,1082,663,364,14654
404031108,1193,636,214,114,9377
404031109,466,353,206,73,2830
405011110,619,493,187,47,3175
405011111,804,543,207,79,4453
405011112,633,409,138,31,3248
405011113,270,156,74,14,1365
405011114,487,449,235,81,3185
405011115,387,346,163,67,2272
405021116,320,279,119,43,1952
405021117,545,440,170,44,2405
405021118,368,316,150,38,1775
405021119,718,620,273,94,3788
405031120,392,292,130,37,2005
405031121,580,438,187,52,2397
405031122,902,639,342,104,5302
405031123,278,216,100,29,1414
405041124,399,294,148,85,2279
405041125,454,567,290,96,2348
405041126,416,369,200,46,1902
405041127,647,663,341,119,3228
405041128,447,434,187,31,1876
406011129,180,115,50,14,1141
406011130,566,450,187,64,2975
406011131,329,274,117,51,1818
406011132,169,113,28,23,824
406011133,1153,853,398,144,7207
406011134,280,240,67,26,1528
406011135,8,5,0,0,76
406011136,1592,974,573,199,9116
406011137,0,0,0,0,0
406021138,82,24,8,3,570
406021139,142,148,83,21,830
406021140,226,215,79,13,1017
406021141,202,113,35,8,1083
406021142,923,584,279,56,5420
406021143,204,27,3,3,1937
407011144,1275,1700,971,270,6498
407011145,511,417,200,57,2427
407011146,674,639,330,104,3828
407011147,861,671,248,37,4103
407011148,1462,2029,1157,354,7941
407011149,754,820,311,72,3291
407021150,453,352,143,61,2608
407021151,349,324,142,33,1731
407021152,394,322,165,73,2189
407021154,365,274,166,66,2499
407021155,213,146,44,9,1059
407021156,230,178,77,15,1294
407021157,471,309,127,48,2970
407021158,311,250,94,12,1531
407021173,1030,733,363,157,6442
407021174,903,810,402,118,6208
407031159,504,396,168,45,2647
407031160,246,218,94,58,1738
407031161,221,153,80,24,1233
407031162,358,293,163,48,2314
407031163,150,108,43,11,781
407031164,661,659,252,64,3046
407031165,1163,918,515,188,7221
407031166,362,232,78,19,1667
407031167,219,248,132,48,1800
407031168,392,279,95,18,2156
407031169,439,323,177,52,2363
407031170,545,492,215,52,2759
497979799,0,0,0,0,9
499999499,345,212,26,9,1909
501011001,673,563,223,58,3524
501011003,1166,1004,448,83,6692
501011004,863,656,206,86,5630
501011293,814,722,342,64,4576
501011294,1504,1320,721,287,9258
501021005,1533,1038,394,76,9051
501021007,540,377,133,25,2620
501021008,464,321,149,64,2980
501021009,664,511,243,79,3788
501021010,334,233,76,23,1665
501021011,0,0,0,0,5
501021012,814,584,338,151,5683
501021014,762,538,231,77,4265
501021015,526,364,199,50,3298
501021016,374,270,141,51,1943
501021251,634,356,128,20,4691
501021252,376,244,60,8,1621
501021253,1219,969,468,241,6984
501021254,324,253,97,18,2168
501031017,723,687,289,51,3563
501031018,593,528,229,49,3021
501031019,384,289,125,39,2221
501031020,608,513,231,53,2674
502011021,747,684,296,50,4079
502011022,949,882,369,76,4823
502011023,672,510,481,252,4199
502011024,1801,1606,971,255,9702
502011025,874,816,471,203,5090
502011026,560,540,284,63,3092
502011027,1408,964,514,201,10046
502011028,902,896,539,211,5046
502011029,668,559,324,129,4384
503011030,872,503,404,185,4062
503011031,876,823,639,290,5979
503011032,948,740,419,157,5042
503011033,1043,610,280,96,5063
503011034,1102,893,486,162,6486
503011035,1709,1620,934,335,11833
503011036,1034,806,414,201,5732
503021037,11,4,7,0,35
503021038,965,500,174,87,7231
503021039,1611,1087,396,158,10651
503021040,860,492,179,79,5955
503021042,1705,1552,829,257,11727
503021043,1402,1104,511,342,12200
503021295,996,655,211,44,8665
503021296,705,422,171,41,8121
503021297,752,408,187,61,9187
504011044,1259,854,389,113,8444
504011045,1857,1190,559,255,13585
504011046,871,700,264,90,8739
504011047,1445,1063,616,158,11270
504011048,622,588,271,69,3856
504021049,350,196,61,13,1680
504021050,827,649,333,67,4179
504021051,465,391,194,37,2896
504021052,0,0,0,0,0
504021053,1362,987,415,123,6974
504021054,944,755,425,188,6134
504031055,0,3,0,0,0
504031056,1546,724,283,61,7934
504031057,1111,646,209,42,9379
504031058,436,268,84,17,2627
504031060,342,174,81,20,1546
504031061,406,270,123,26,2865
504031062,712,396,174,21,5848
504031063,0,0,0,0,12
504031064,0,0,0,0,0
504031065,442,303,138,34,2611
504031066,837,564,328,265,5843
504031067,479,228,88,21,3009
504031068,931,551,196,22,5827
504031069,0,0,0,0,0
504031298,632,323,129,16,7315
504031299,405,182,71,14,5445
504031300,922,482,304,149,8202
505011070,687,507,166,41,5413
505011071,1292,583,219,59,7119
505011072,1348,1275,560,133,8708
505011073,954,975,441,69,7213
505011074,951,637,206,52,5575
505011075,1324,926,309,60,6207
505011076,1270,521,130,26,5360
505011077,1308,887,402,201,7873
505011078,1213,980,336,202,6846
505011079,1210,880,341,86,6376
505011080,924,636,192,48,4478
505011081,663,510,180,39,4603
505011082,1137,1022,403,104,5800
505011083,1100,603,201,79,5072
505021084,968,804,474,210,8429
505021085,924,638,279,73,8991
505021087,0,0,0,0,0
505021088,1306,860,447,241,11068
505021089,1805,1610,973,403,12463
505021090,990,597,284,91,10698
505021091,6,3,0,0,169
505021092,1318,815,408,112,11383
505021093,1025,698,312,57,8084
505021094,821,704,366,84,4665
505021095,808,528,210,119,7970
505021096,1382,973,694,265,8776
505021097,1332,916,593,328,9840
505021301,983,695,395,132,5917
505021302,962,721,461,194,7082
505031098,764,476,183,38,4660
505031099,1170,753,518,239,10489
505031100,1000,455,141,26,8704
505031101,902,415,151,28,6784
505031102,417,313,141,30,3594
505031104,637,427,231,136,4405
505031105,2070,835,387,134,10769
505031106,0,0,0,0,0
505031107,843,460,268,69,6416
505031255,565,263,82,9,6637
505031256,85,47,13,0,358
505031257,349,201,83,12,1799
505031258,714,465,282,89,5073
505031303,816,571,204,33,6438
505031304,845,330,110,27,7145
505031305,736,466,244,123,6686
505031306,982,768,378,170,7005
506011110,1135,841,433,132,10055
506011111,0,0,0,0,0
506011112,433,266,109,27,2484
506011114,814,604,301,126,5166
506011115,825,542,289,54,4205
506011116,722,593,227,37,3958
506011117,486,241,82,23,4643
506011307,476,223,47,8,5860
506011308,562,240,62,11,8195
506021118,1080,665,334,203,8144
506021119,1132,723,285,87,10472
506021120,0,0,0,0,0
506021121,0,0,0,0,20
506021123,1233,787,238,71,10036
506021309,449,319,151,69,4560
506021310,419,289,160,44,3766
506021311,671,392,160,56,6565
506031124,1069,772,661,552,12192
506031125,1058,565,173,35,5283
506031126,3,0,0,0,3
506031127,891,478,202,50,11261
506031128,1003,877,403,142,7308
506031129,1272,969,617,200,8116
506031130,0,4,0,0,7
506031131,1478,1120,461,86,10159
506041132,989,694,331,77,9569
506041133,1464,822,288,99,11715
506041134,1130,863,562,284,8931
506041135,1172,653,212,42,10105
506041136,821,585,308,157,6625
506041137,1564,1175,549,112,10968
506051138,1210,810,304,121,9290
506051139,752,475,294,70,5478
506051140,1484,1323,769,245,8213
506051141,1061,948,511,194,6205
506061142,965,511,183,44,8999
506061143,577,296,112,24,3308
506061144,425,254,120,23,2146
506071145,1130,959,503,328,9250
506071146,1099,836,447,239,6769
506071147,1739,1397,596,177,10945
507011148,1143,631,253,107,11199
507011150,3,3,3,0,10
507011151,0,0,0,0,0
507011152,851,565,228,48,4997
507011153,617,392,196,73,4544
507011154,827,580,252,109,6096
507011155,0,0,0,0,6
507011158,492,289,75,28,2311
507011159,908,523,225,97,6050
507011160,789,563,280,139,5668
507011161,791,386,177,69,8999
507011163,531,276,97,22,3667
507011259,590,285,86,19,5031
507011260,262,208,65,18,1343
507021164,884,655,308,166,4705
507021165,1882,1384,598,180,10957
507021166,1536,1097,468,183,8897
507021167,0,0,0,0,4
507031169,676,341,106,20,8728
507031170,478,269,149,67,3171
507031172,8,9,0,0,37
507031173,3,0,0,0,13
507031174,632,416,169,49,4719
507031261,439,239,65,11,4151
507041175,1204,1044,467,133,7071
507041176,342,287,159,35,2226
507041177,1348,1053,498,205,8674
507041178,1493,1193,586,263,9041
507041179,668,710,411,176,4556
507041180,1128,968,253,56,6018
507041181,1647,1035,662,370,9860
507041182,1161,917,535,274,7196
507041183,324,203,144,68,2867
507041184,654,574,204,48,3485
507051186,641,439,230,87,3690
507051187,990,443,219,99,5991
507051188,1435,1119,664,261,8398
507051189,0,0,0,0,0
507051190,1169,822,529,214,6291
507051191,1408,534,221,44,10625
507051192,1029,569,241,83,5822
507051193,884,451,214,60,4778
507051312,483,291,179,18,5329
507051313,1273,644,339,51,11826
507051314,114,83,15,12,958
509011225,1372,1177,664,332,7638
509011226,427,296,97,13,1919
509011227,458,367,198,48,2559
509011228,783,682,333,80,3553
509011229,204,126,35,13,1178
509011230,275,200,100,35,1765
509011231,319,217,122,42,1728
509011232,405,372,127,31,1852
509011233,770,535,262,67,4906
509011234,514,443,173,60,2541
509011235,0,0,0,0,0
509021236,619,333,172,31,2892
509021237,301,235,119,45,1609
509021238,259,269,92,28,1552
509021239,809,791,358,59,4241
509021240,362,254,131,55,2119
509021241,321,223,99,39,1881
509021242,237,133,56,21,1327
509021243,910,725,305,92,5101
509021244,625,492,193,27,2374
509021245,499,559,266,77,2476
509031246,261,226,98,33,1455
509031247,318,201,78,18,1758
509031248,217,166,59,9,1076
509031249,328,266,138,75,2038
509031250,412,305,137,28,2085
510011262,1073,512,122,30,7887
510011263,408,236,46,6,2650
510011264,153,70,27,3,1111
510011265,564,246,75,18,3629
510011266,134,58,27,5,833
510021267,476,90,18,0,3734
510021268,219,48,5,0,2041
510021269,307,74,23,0,2438
510021270,674,175,27,13,5243
510031271,479,114,21,0,4031
510031272,907,237,41,3,8921
510031273,351,96,27,0,2611
511011274,863,593,406,98,5441
511011275,307,178,80,9,1807
511021276,368,244,95,23,2259
511021277,386,221,82,13,2539
511031278,506,228,62,8,2994
511031279,819,385,141,72,6224
511031280,549,258,85,11,4201
511031281,0,0,0,0,0
511031282,355,190,59,8,2047
511031283,346,105,22,0,2309
511031284,0,0,0,0,0
511041285,981,724,407,271,5758
511041286,585,292,110,14,3320
511041287,596,359,149,33,3985
511041288,738,469,194,51,4946
511041289,346,316,165,33,1682
511041290,261,163,53,4,1783
511041291,336,301,127,35,1847
511041292,527,486,172,37,2633
597979799,48,15,0,0,428
599999499,876,505,105,20,5668
601011001,301,244,111,16,2649
601011002,323,242,94,23,2655
601011003,398,315,111,27,2410
601021004,613,546,283,119,3782
601021005,981,622,220,43,4603
601021006,279,197,116,37,1801
601021007,973,831,531,136,6321
601021008,668,633,401,237,4440
601021009,231,190,123,68,2394
601021010,152,109,70,17,1296
601021011,322,237,98,14,3346
601021012,598,399,99,20,2599
601031013,326,205,96,21,1981
601031014,368,238,124,53,2583
601031015,498,334,270,90,3720
601031016,280,201,101,25,2373
601031017,649,483,281,149,5973
601031018,343,257,168,72,2538
601031019,365,227,81,33,3087
601031020,464,326,171,48,2866
601031021,272,168,85,32,2338
601041022,848,775,404,149,7355
601041023,1093,925,475,104,6308
601041024,733,525,241,58,4423
601041025,0,0,0,0,0
601041026,456,389,154,72,2275
601051027,689,675,313,129,6238
601051028,829,583,213,72,5418
601051029,442,443,159,32,3197
601051030,575,431,173,77,4014
601051031,1110,1107,628,244,8214
601051032,629,531,277,113,4337
601051033,696,471,165,36,4152
601061034,933,649,197,36,4414
601061035,810,634,333,91,4942
602011036,239,167,63,17,1921
602011037,265,218,128,66,2299
602011038,597,442,180,45,3325
602011039,391,294,187,84,2442
602011040,195,106,73,22,1852
602011041,462,325,212,57,3968
602011042,436,354,233,76,2790
602011043,281,290,199,100,1945
602011044,545,399,237,65,3124
602011045,177,130,85,9,1278
602011046,635,524,278,85,3841
602011047,320,213,122,81,2541
602011048,321,257,124,39,2269
602011049,415,356,147,43,2703
602011050,234,148,66,27,1643
602011051,462,285,128,45,2431
602011052,343,280,200,78,2300
602021053,467,431,162,36,1896
602021054,542,464,218,58,2743
602021055,734,576,276,57,3238
602021056,289,188,81,15,1629
602021057,389,339,128,27,2014
602031058,468,334,116,27,2282
602031059,630,557,257,55,3089
602031060,326,333,165,50,1986
602031061,290,256,93,19,1565
602031062,491,398,183,30,2598
602031064,814,716,302,58,3365
602031099,101,111,53,14,475
602031100,584,481,231,115,2963
603011065,244,211,75,14,1099
603011066,327,181,65,15,1515
603011067,540,362,145,30,2837
603011068,0,0,0,0,5
603021069,472,493,187,36,2091
603021070,595,537,185,25,2626
603021071,479,342,158,25,2000
603021072,886,582,254,98,4761
603031073,357,328,124,33,1400
603031074,578,570,263,71,2646
604011075,177,141,90,24,1288
604011076,508,323,99,15,2464
604011077,323,206,96,18,1775
604011078,522,330,221,111,3079
604011079,541,389,175,38,2720
604011080,240,163,88,18,1587
604011081,341,247,146,41,1786
604011082,620,492,292,82,3232
604011083,317,302,162,70,1952
604011084,569,460,267,74,2867
604021085,1016,914,492,188,6589
604021086,375,334,158,69,2113
604021087,331,316,162,63,2367
604021088,292,229,102,26,1766
604021089,685,654,289,60,3219
604021090,279,179,86,11,1520
604021091,715,474,185,37,3234
604021092,390,272,108,13,1814
604031093,138,136,62,18,811
604031094,347,234,74,15,1845
604031095,248,198,97,38,1608
604031096,423,308,104,18,1935
604031097,417,282,120,33,1976
604031098,0,0,0,0,0
697979799,0,0,0,0,14
699999499,137,108,14,3,760
701011001,4,0,0,0,12
701011002,539,270,66,6,5185
701011003,0,0,0,0,0
701011004,333,244,140,51,2309
701011005,298,153,53,7,2621
701011006,174,91,42,6,1310
701011007,257,142,34,11,1752
701011008,338,147,54,6,2625
701011009,230,111,31,3,1784
701021010,135,97,36,9,1082
701021011,175,109,50,9,1137
701021012,131,52,22,6,874
701021013,226,162,64,16,2065
701021014,0,0,0,0,0
701021015,0,0,0,0,0
701021016,206,126,69,10,1703
701021017,4,0,0,0,16
701021018,146,73,39,9,912
701021019,334,194,51,15,2121
701021020,382,243,86,16,2445
701021021,220,87,33,6,3105
701021022,377,243,71,13,2103
701021023,185,103,47,6,1444
701021024,124,109,35,5,961
701021025,266,216,52,14,2439
701021026,267,154,61,13,2083
701021027,197,145,80,36,1409
701021028,125,70,29,6,964
701021029,156,85,36,6,937
701021030,161,113,39,5,1201
701031031,385,221,84,16,2195
701031032,750,387,117,14,4318
701031033,0,0,0,0,3
701031034,314,210,63,10,1713
701031035,419,248,68,3,2248
701041036,180,71,15,6,1517
701041037,196,96,24,4,1394
701041038,297,137,39,10,2299
701041039,229,116,35,18,1497
701041040,185,105,29,4,1323
701041041,234,125,38,24,2177
701041042,177,58,15,0,3204
701041043,272,119,35,11,3206
701041044,209,101,29,9,1506
702011045,360,185,64,12,2094
702011046,414,232,50,11,2862
702011047,277,121,45,4,2243
702011048,344,156,48,11,2413
702011049,348,160,24,6,2383
702011050,128,34,3,0,1009
702011051,274,147,68,31,1365
702011052,143,44,14,0,931
702011053,110,38,4,3,628
702011054,62,29,11,0,409
702021055,69,38,10,0,650
702021056,217,94,28,0,1220
702031057,490,360,104,4,2203
702031058,75,58,15,4,570
702031059,32,20,0,0,381
702031060,82,33,0,0,516
702031061,147,48,5,0,1058
702041062,122,33,0,0,840
702041063,222,87,15,3,1351
702041064,215,71,14,0,1802
702051065,105,49,13,0,699
702051066,175,78,11,0,1296
702051067,662,349,98,20,4987
702051068,113,46,9,0,784
797979799,12,0,0,0,71
799999499,441,228,30,0,2351
801011001,306,207,149,46,1652
801011002,308,214,179,112,6054
801011003,401,349,186,95,4918
801011004,174,149,53,12,1506
801011005,282,243,155,41,1935
801011006,472,249,89,19,3528
801011007,435,317,101,14,2951
801011008,430,287,115,24,2574
801011009,302,254,108,14,1992
801011010,195,206,65,9,1136
801011011,260,274,90,8,1874
801011012,0,0,0,0,0
801011013,268,266,189,42,1834
801011014,236,163,127,22,1758
801011015,286,300,165,46,3026
801011016,631,651,237,41,4308
801011017,258,222,98,20,1974
801011018,72,37,6,0,1891
801011019,382,285,120,17,3666
801011020,243,197,145,29,1919
801011021,290,240,65,13,1536
801011022,253,224,138,18,1841
801011023,175,163,183,165,1827
801011024,182,152,83,17,1673
801011025,166,213,68,12,1379
801011026,244,218,162,38,1708
801011111,0,0,0,0,13
801011142,0,0,0,0,0
801011143,12,6,4,0,429
801011144,0,0,0,0,13
801031031,0,3,8,0,98
801031032,5,0,0,0,12
801031113,130,91,35,4,668
801031114,18,3,4,0,88
801031115,22,9,9,6,185
801041034,423,203,81,9,3206
801041035,239,129,41,11,3687
801041036,295,145,33,0,3472
801041037,222,143,93,25,2773
801041038,239,129,31,5,2407
801041039,294,149,36,7,4556
801041040,449,215,74,16,5164
801041043,33,34,16,4,170
801041044,343,142,50,9,4721
801041045,0,0,0,0,6
801041046,660,389,244,48,5821
801041047,802,482,217,26,3763
801041048,463,302,87,17,3065
801041116,0,0,0,0,0
801041117,0,0,0,0,0
801041118,10,10,0,0,360
801041119,0,0,0,0,16
801041120,124,70,18,0,2847
801041121,69,34,6,0,1237
801041122,53,22,11,0,1281
801051049,0,0,0,0,1072
801051050,565,408,233,171,3361
801051051,318,198,89,26,5058
801051053,244,150,53,14,3428
801051054,216,92,44,13,2201
801051055,282,212,103,36,2610
801051056,321,206,108,43,1934
801051057,410,315,187,133,3878
801051058,592,417,148,61,3765
801051060,263,234,95,27,3304
801051061,487,280,127,40,4193
801051123,0,0,0,0,0
801051124,503,370,180,77,3203
801051125,12,0,0,0,870
801051126,0,0,0,0,0
801051127,187,154,79,13,1100
801051128,0,0,0,0,0
801061062,330,311,188,92,2016
801061063,234,186,115,28,1286
801061064,539,366,193,89,3706
801061066,0,0,0,0,0
801061067,641,433,244,136,3954
801061068,0,0,0,3,3
801061069,369,265,119,78,1873
801061070,406,463,215,55,2066
801061129,218,202,77,6,1607
801061130,0,4,0,0,24
801061131,576,441,173,33,5197
801071071,379,168,66,10,2480
801071072,341,206,67,13,1996
801071073,593,281,94,40,2998
801071074,512,286,78,11,2590
801071075,472,192,63,18,2483
801071076,385,281,86,15,1762
801071077,255,136,34,7,1301
801071078,754,341,167,73,3990
801071079,279,250,73,12,1663
801071080,270,252,184,66,2639
801071081,352,187,92,43,2139
801071082,1282,1303,529,100,8438
801071083,142,115,23,4,760
801071084,567,397,219,114,2955
801071085,0,0,0,0,0
801071086,184,129,26,5,901
801071087,227,144,27,9,1430
801071088,364,164,39,5,1872
801071089,9,12,0,0,31
801071090,670,643,201,31,4245
801071132,0,4,0,0,4
801081091,338,296,195,42,1741
801081092,335,199,137,37,1990
801081093,228,194,151,46,1782
801081094,243,194,123,38,1657
801081095,231,235,127,29,1833
801081096,182,179,110,49,1185
801081097,195,175,121,31,1575
801081098,292,307,251,119,2381
801081133,0,0,0,0,0
801091099,219,152,105,29,1684
801091100,587,382,249,102,3397
801091101,351,243,254,133,2211
801091102,323,264,219,75,2260
801091103,330,243,152,136,1976
801091104,311,267,157,33,1492
801091105,236,147,148,59,2020
801091106,314,221,163,48,2165
801091107,123,109,55,12,575
801091108,294,202,138,38,1637
801091109,283,164,84,22,3717
801091110,215,142,100,24,1380
801101134,0,4,0,0,4
801101135,154,79,22,5,2872
801101136,97,35,10,0,1656
801101137,0,0,0,0,0
801101139,182,96,20,5,2431
801101145,4,0,0,0,4
801101146,0,0,0,0,4
801111140,58,26,3,0,315
801111141,6,0,0,0,39
897979799,0,0,0,0,0
899999499,64,24,8,4,368
901011001,121,72,4,0,968
901021002,54,15,13,0,249
901031003,31,26,13,0,187
901041004,269,215,103,30,1200
997979799,0,0,0,0,0
999999499,3,0,0,0,11
